Column,hotel,country,arrival,date,month,weekday,nights,room,price,age,age_correct,gender
0,resort,Belgium,2017-02-20,20,2,MONDAY,1,double,45,59,59,f
1,city,Portugal,2017-09-28,28,9,THURSDAY,3,double,211,32,32,f
2,city,Italy,2019-07-14,14,7,SUNDAY,5,double,330,1978,41,m
3,city,Portugal,2019-08-02,2,8,FRIDAY,4,single,284,67,67,f
4,resort,Netherlands,2019-09-26,26,9,THURSDAY,2,double,147,60,60,m
5,city,Italy,2017-11-06,6,11,MONDAY,2,double,198,42,42,?
6,city,Portugal,2019-06-29,29,6,SATURDAY,5,single,230,42,42,m
7,city,Netherlands,2019-12-04,4,12,WEDNESDAY,2,double,150,29,29,f
8,city,Spain,2018-08-06,6,8,MONDAY,4,double,354,25,25,m
9,city,Portugal,2017-09-03,3,9,SUNDAY,3,double,252,31,31,m
10,city,Belgium,2017-03-13,13,3,MONDAY,3,double,153,1994,23,?
11,resort,Italy,2019-06-10,10,6,MONDAY,14,single,420,55,55,?
12,city,Portugal,2017-07-11,11,7,TUESDAY,7,double,420,38,38,m
13,resort,Italy,2018-04-09,9,4,MONDAY,14,double,1113,28,28,?
14,resort,Portugal,2017-11-17,17,11,FRIDAY,10,double,795,30,30,?
15,city,Portugal,2018-06-02,2,6,SATURDAY,3,single,171,27,27,?
16,city,Portugal,2019-08-26,26,8,MONDAY,3,double,157,53,53,m
17,city,Portugal,2018-06-10,10,6,SUNDAY,3,double,211,30,30,?
18,resort,Netherlands,2019-08-30,30,8,FRIDAY,10,double,705,29,29,?
19,resort,Netherlands,2019-07-11,11,7,THURSDAY,8,double,420,39,39,?
20,city,Spain,2017-10-10,10,10,TUESDAY,3,double,144,71,71,f
21,city,France,2017-12-04,4,12,MONDAY,4,double,252,1980,37,f
22,city,France,2018-03-08,8,3,THURSDAY,6,double,459,39,39,?
23,city,Italy,2018-09-21,21,9,FRIDAY,6,double,783,39,39,?
24,city,Spain,2019-01-14,14,1,MONDAY,1,double,70,71,71,f
25,resort,Portugal,2019-11-11,11,11,MONDAY,9,double,594,53,53,f
26,city,France,2019-09-09,9,9,MONDAY,4,double,300,21,21,?
27,city,Italy,2018-09-26,26,9,WEDNESDAY,4,double,210,28,28,f
28,city,Spain,2017-03-26,26,3,SUNDAY,4,double,210,55,55,m
29,resort,Italy,2018-08-14,14,8,TUESDAY,11,double,841,51,51,f
30,city,Belgium,2018-05-09,9,5,WEDNESDAY,5,double,262,24,24,?
31,city,Belgium,2018-08-14,14,8,TUESDAY,7,double,493,30,30,f
32,city,Belgium,2017-03-15,15,3,WEDNESDAY,5,double,247,41,41,m
33,resort,Italy,2019-12-24,24,12,TUESDAY,6,double,396,63,63,?
34,city,Italy,2017-04-15,15,4,SATURDAY,2,double,96,28,28,?
35,city,Spain,2017-09-21,21,9,THURSDAY,7,double,378,28,28,?
36,city,Belgium,2017-05-13,13,5,SATURDAY,6,single,228,49,49,?
37,resort,France,2018-08-15,15,8,WEDNESDAY,3,single,87,48,48,?
38,city,Belgium,2018-02-03,3,2,SATURDAY,3,double,139,1989,29,?
39,city,Spain,2018-03-18,18,3,SUNDAY,2,double,180,32,32,f
40,city,Spain,2019-07-04,4,7,THURSDAY,6,double,342,40,40,f
41,city,France,2019-08-26,26,8,MONDAY,7,double,462,50,50,?
42,city,Netherlands,2017-07-24,24,7,MONDAY,2,double,96,1962,55,?
43,resort,Netherlands,2017-09-27,27,9,WEDNESDAY,9,double,675,64,64,m
44,city,Italy,2018-07-12,12,7,THURSDAY,4,double,246,30,30,?
45,city,Italy,2017-06-28,28,6,WEDNESDAY,1,double,49,30,30,f
46,city,Spain,2018-04-08,8,4,SUNDAY,1,double,106,47,47,?
47,resort,Portugal,2017-11-04,4,11,SATURDAY,9,double,783,37,37,?
48,city,Italy,2019-09-05,5,9,THURSDAY,5,double,472,55,55,f
49,city,Belgium,2017-08-08,8,8,TUESDAY,6,double,513,28,28,m
50,city,Italy,2019-04-10,10,4,WEDNESDAY,3,double,193,42,42,f
51,city,Italy,2017-08-16,16,8,WEDNESDAY,3,double,139,28,28,m
52,city,Spain,2018-10-17,17,10,WEDNESDAY,5,double,562,33,33,?
53,city,Netherlands,2018-08-31,31,8,FRIDAY,6,double,396,1974,44,?
54,resort,Italy,2018-07-05,5,7,THURSDAY,11,double,544,17,17,?
55,city,Spain,2019-07-17,17,7,WEDNESDAY,3,double,180,31,31,f
56,city,Portugal,2017-08-19,19,8,SATURDAY,5,double,277,21,21,f
57,city,Italy,2018-07-14,14,7,SATURDAY,2,single,124,31,31,f
58,city,Spain,2019-11-29,29,11,FRIDAY,3,double,207,36,36,f
59,city,Spain,2017-08-01,1,8,TUESDAY,5,single,180,31,31,f
60,city,Netherlands,2018-08-14,14,8,TUESDAY,4,double,390,35,35,?
61,city,Belgium,2017-10-19,19,10,THURSDAY,3,double,184,32,32,m
62,city,Spain,2017-07-04,4,7,TUESDAY,4,double,444,38,38,?
63,city,Portugal,2019-08-01,1,8,THURSDAY,1,double,60,57,57,?
64,city,Italy,2018-08-29,29,8,WEDNESDAY,3,double,297,26,26,m
65,city,Portugal,2018-08-29,29,8,WEDNESDAY,2,double,120,30,30,m
66,city,Spain,2018-08-14,14,8,TUESDAY,1,double,75,55,55,?
67,city,France,2017-08-01,1,8,TUESDAY,2,double,120,32,32,m
68,city,Spain,2018-08-25,25,8,SATURDAY,6,double,567,40,40,f
69,resort,Portugal,2017-06-09,9,6,FRIDAY,8,single,280,24,24,m
70,city,Portugal,2019-01-30,30,1,WEDNESDAY,6,double,333,1984,35,?
71,city,Spain,2017-04-05,5,4,WEDNESDAY,3,double,162,22,22,?
72,city,Spain,2017-08-03,3,8,THURSDAY,3,double,162,45,45,f
73,resort,Spain,2017-10-21,21,10,SATURDAY,4,double,222,50,50,f
74,city,Netherlands,2017-09-27,27,9,WEDNESDAY,3,double,175,31,31,f
75,city,France,2019-07-14,14,7,SUNDAY,7,double,472,34,34,?
76,resort,Netherlands,2017-10-09,9,10,MONDAY,7,double,378,39,39,f
77,resort,Italy,2017-05-16,16,5,TUESDAY,13,double,624,36,36,m
78,resort,Portugal,2017-05-05,5,5,FRIDAY,1,double,58,30,30,?
79,city,Spain,2017-07-16,16,7,SUNDAY,7,double,441,24,24,f
80,resort,Italy,2018-04-22,22,4,SUNDAY,6,double,486,46,46,?
81,city,Italy,2017-08-07,7,8,MONDAY,2,double,144,40,40,f
82,resort,France,2017-08-24,24,8,THURSDAY,1,double,55,33,33,f
83,resort,Italy,2017-08-01,1,8,TUESDAY,10,double,1350,55,55,?
84,resort,Spain,2017-10-29,29,10,SUNDAY,2,double,96,51,51,f
85,resort,Belgium,2018-07-26,26,7,THURSDAY,9,double,594,59,59,?
86,city,Spain,2019-11-09,9,11,SATURDAY,1,double,58,44,44,?
87,city,Italy,2019-07-05,5,7,FRIDAY,1,double,51,28,28,?
88,city,Spain,2017-07-27,27,7,THURSDAY,3,double,198,42,42,?
89,city,Portugal,2019-07-10,10,7,WEDNESDAY,3,double,198,44,44,f
90,city,France,2019-03-21,21,3,THURSDAY,2,double,129,32,32,f
91,resort,Spain,2019-08-26,26,8,MONDAY,4,double,180,46,46,?
92,city,Italy,2018-06-18,18,6,MONDAY,7,double,777,23,23,?
93,resort,Italy,2019-08-09,9,8,FRIDAY,7,double,325,40,40,?
94,resort,Netherlands,2019-02-27,27,2,WEDNESDAY,12,double,810,34,34,m
95,city,Italy,2017-09-21,21,9,THURSDAY,6,double,477,36,36,m
96,city,Spain,2018-04-14,14,4,SATURDAY,5,double,255,24,24,?
97,resort,Spain,2019-07-26,26,7,FRIDAY,14,double,1029,58,58,?
98,city,Portugal,2019-07-12,12,7,FRIDAY,3,double,256,26,26,m
99,city,France,2017-08-29,29,8,TUESDAY,6,single,234,32,32,f
100,city,Portugal,2019-07-25,25,7,THURSDAY,7,double,619,58,58,?
101,city,Italy,2019-09-27,27,9,FRIDAY,6,double,414,49,49,f
102,resort,Spain,2019-08-13,13,8,TUESDAY,14,double,903,45,45,f
103,city,Spain,2018-03-29,29,3,THURSDAY,3,double,180,40,40,f
104,city,Italy,2018-08-12,12,8,SUNDAY,6,double,522,1971,47,f
105,city,Spain,2019-07-30,30,7,TUESDAY,3,double,243,61,61,?
106,city,France,2019-04-02,2,4,TUESDAY,2,double,102,30,30,m
107,city,Portugal,2019-03-19,19,3,TUESDAY,5,double,277,36,36,f
108,city,Portugal,2017-10-04,4,10,WEDNESDAY,6,double,423,1954,63,f
109,resort,Belgium,2018-09-25,25,9,TUESDAY,10,single,310,53,53,?
110,resort,France,2017-04-10,10,4,MONDAY,5,double,247,60,60,?
111,city,Spain,2017-10-26,26,10,THURSDAY,7,double,651,43,43,m
112,city,France,2017-08-10,10,8,THURSDAY,3,double,418,38,38,m
113,city,Spain,2018-04-09,9,4,MONDAY,3,double,252,58,58,?
114,city,Netherlands,2019-05-12,12,5,SUNDAY,1,double,73,23,23,?
115,city,Spain,2017-09-10,10,9,SUNDAY,3,double,256,42,42,f
116,city,Italy,2017-07-30,30,7,SUNDAY,4,single,156,1976,41,?
117,city,Spain,2019-07-28,28,7,SUNDAY,3,double,157,25,25,f
118,resort,Netherlands,2019-08-31,31,8,SATURDAY,1,double,49,37,37,m
119,city,Portugal,2018-06-28,28,6,THURSDAY,2,double,126,41,41,?
120,city,Italy,2017-08-29,29,8,TUESDAY,3,single,189,31,31,x
121,city,Spain,2017-09-02,2,9,SATURDAY,7,double,451,42,42,f
122,resort,Italy,2018-06-01,1,6,FRIDAY,4,double,408,26,26,f
123,resort,Italy,2019-07-10,10,7,WEDNESDAY,4,double,294,48,48,?
124,city,France,2018-08-21,21,8,TUESDAY,3,double,193,34,34,m
125,city,Italy,2018-08-29,29,8,WEDNESDAY,3,double,184,25,25,m
126,city,France,2019-11-21,21,11,THURSDAY,3,double,396,29,29,m
127,resort,Belgium,2017-05-23,23,5,TUESDAY,6,double,603,59,59,m
128,resort,Portugal,2018-07-13,13,7,FRIDAY,7,double,399,35,35,f
129,city,Portugal,2018-07-15,15,7,SUNDAY,3,double,333,27,27,?
130,city,Spain,2018-08-18,18,8,SATURDAY,1,double,54,40,40,m
131,city,Italy,2017-07-25,25,7,TUESDAY,2,single,68,33,33,f
132,city,Netherlands,2017-07-25,25,7,TUESDAY,3,double,144,34,34,f
133,city,France,2018-05-31,31,5,THURSDAY,4,double,198,24,24,f
134,city,Netherlands,2018-09-21,21,9,FRIDAY,3,double,166,35,35,?
135,city,Italy,2017-11-06,6,11,MONDAY,3,double,261,35,35,f
136,city,France,2018-07-23,23,7,MONDAY,6,single,198,34,34,?
137,resort,Spain,2019-12-07,7,12,SATURDAY,1,double,85,26,26,m
138,resort,Portugal,2017-02-25,25,2,SATURDAY,6,double,288,33,33,f
139,city,Italy,2018-07-08,8,7,SUNDAY,4,double,264,44,44,?
140,resort,Italy,2018-07-12,12,7,THURSDAY,5,double,420,55,55,m
141,city,Spain,2019-02-16,16,2,SATURDAY,7,double,598,29,29,f
142,resort,Portugal,2017-09-15,15,9,FRIDAY,10,double,555,29,29,?
143,resort,France,2019-07-09,9,7,TUESDAY,1,single,35,33,33,m
144,resort,Portugal,2018-05-05,5,5,SATURDAY,13,double,1072,71,71,?
145,city,Portugal,2017-06-12,12,6,MONDAY,1,double,57,41,41,m
146,city,Belgium,2018-10-25,25,10,THURSDAY,5,single,370,41,41,?
147,city,Portugal,2017-02-18,18,2,SATURDAY,1,double,139,44,44,f
148,city,Italy,2019-04-02,2,4,TUESDAY,3,double,157,46,46,f
149,city,Belgium,2017-01-23,23,1,MONDAY,7,double,451,32,32,m
150,city,Belgium,2018-09-12,12,9,WEDNESDAY,5,double,277,24,24,f
151,city,Spain,2019-08-10,10,8,SATURDAY,4,double,282,54,54,?
152,resort,Spain,2019-02-28,28,2,THURSDAY,3,single,150,37,37,m
153,city,Portugal,2018-10-15,15,10,MONDAY,3,double,270,38,38,f
154,city,Spain,2018-06-15,15,6,FRIDAY,1,double,72,24,24,?
155,city,Spain,2018-01-06,6,1,SATURDAY,3,double,220,33,33,?
156,resort,Portugal,2018-03-09,9,3,FRIDAY,11,double,577,45,45,m
157,city,Italy,2018-03-18,18,3,SUNDAY,3,single,96,1975,43,m
158,city,France,2018-08-07,7,8,TUESDAY,3,double,274,42,42,?
159,city,Portugal,2017-07-13,13,7,THURSDAY,3,single,150,34,34,m
160,city,Spain,2019-08-15,15,8,THURSDAY,1,double,63,33,33,m
161,city,Italy,2018-10-18,18,10,THURSDAY,4,double,384,64,64,?
162,city,France,2018-03-17,17,3,SATURDAY,3,double,184,43,43,f
163,city,France,2019-11-29,29,11,FRIDAY,1,double,66,26,26,m
164,city,Belgium,2019-08-11,11,8,SUNDAY,7,double,441,45,45,f
165,city,Portugal,2018-09-22,22,9,SATURDAY,2,double,120,40,40,f
166,city,Italy,2018-03-12,12,3,MONDAY,2,single,154,39,39,?
167,city,Italy,2018-03-07,7,3,WEDNESDAY,5,double,390,52,52,m
168,city,Portugal,2017-05-03,3,5,WEDNESDAY,3,double,153,47,47,m
169,city,France,2018-01-17,17,1,WEDNESDAY,4,double,222,29,29,m
170,city,Spain,2017-08-29,29,8,TUESDAY,1,double,91,41,41,?
171,city,Belgium,2018-09-23,23,9,SUNDAY,3,double,175,27,27,f
172,city,Spain,2019-04-09,9,4,TUESDAY,1,double,90,41,41,m
173,city,Portugal,2017-10-18,18,10,WEDNESDAY,2,double,204,36,36,f
174,city,Italy,2018-08-14,14,8,TUESDAY,2,double,96,39,39,f
175,city,Portugal,2019-07-03,3,7,WEDNESDAY,7,double,640,36,36,m
176,city,France,2018-11-16,16,11,FRIDAY,3,double,157,38,38,x
177,city,Spain,2019-05-22,22,5,WEDNESDAY,6,double,459,36,36,f
178,city,Belgium,2017-08-17,17,8,THURSDAY,3,double,153,33,33,m
179,city,Spain,2018-11-04,4,11,SUNDAY,6,single,300,25,25,f
180,city,Portugal,2017-09-22,22,9,FRIDAY,4,double,354,26,26,m
181,resort,Portugal,2017-08-22,22,8,TUESDAY,5,double,637,50,50,m
182,city,Spain,2017-09-19,19,9,TUESDAY,1,double,123,36,36,?
183,city,Spain,2018-03-02,2,3,FRIDAY,2,double,135,67,67,m
184,city,Belgium,2018-07-11,11,7,WEDNESDAY,1,single,38,31,31,m
185,city,France,2017-08-22,22,8,TUESDAY,1,double,79,55,55,f
186,city,France,2018-01-31,31,1,WEDNESDAY,2,double,117,44,44,m
187,city,France,2019-08-22,22,8,THURSDAY,5,double,390,26,26,m
188,city,Spain,2017-07-09,9,7,SUNDAY,5,single,185,35,35,?
189,resort,Portugal,2017-08-16,16,8,WEDNESDAY,6,double,378,52,52,f
190,resort,Spain,2017-04-22,22,4,SATURDAY,2,double,168,49,49,m
191,city,Spain,2019-03-19,19,3,TUESDAY,2,double,120,30,30,f
192,city,Spain,2018-08-07,7,8,TUESDAY,3,double,180,24,24,m
193,city,Spain,2018-07-12,12,7,THURSDAY,6,double,414,47,47,f
194,city,Spain,2017-03-05,5,3,SUNDAY,1,double,52,36,36,?
195,city,Spain,2019-10-22,22,10,TUESDAY,4,double,246,24,24,f
196,city,Spain,2019-07-29,29,7,MONDAY,2,double,114,38,38,?
197,city,France,2019-07-18,18,7,THURSDAY,7,double,966,38,38,f
198,city,Spain,2019-08-12,12,8,MONDAY,3,double,225,62,62,m
199,resort,Netherlands,2019-06-26,26,6,WEDNESDAY,1,single,49,50,50,?
200,city,France,2017-07-12,12,7,WEDNESDAY,7,double,367,32,32,?
201,city,Belgium,2019-11-09,9,11,SATURDAY,2,double,105,31,31,m
202,resort,France,2019-09-16,16,9,MONDAY,8,double,360,48,48,?
203,city,France,2019-02-23,23,2,SATURDAY,7,double,798,37,37,?
204,city,Portugal,2017-10-17,17,10,TUESDAY,1,double,78,33,33,?
205,city,Portugal,2017-01-03,3,1,TUESDAY,1,double,49,1960,57,m
206,city,France,2018-07-18,18,7,WEDNESDAY,6,double,432,1997,21,f
207,city,Italy,2018-09-11,11,9,TUESDAY,5,double,292,39,39,?
208,city,Italy,2019-12-20,20,12,FRIDAY,2,double,168,31,31,m
209,resort,Spain,2017-07-09,9,7,SUNDAY,7,double,420,23,23,?
210,city,Spain,2017-06-06,6,6,TUESDAY,2,single,102,42,42,?
211,city,Italy,2018-06-10,10,6,SUNDAY,3,double,166,30,30,f
212,city,Portugal,2019-06-02,2,6,SUNDAY,7,double,525,39,39,f
213,city,Netherlands,2018-01-13,13,1,SATURDAY,4,single,132,30,30,m
214,resort,Italy,2018-12-24,24,12,MONDAY,4,double,318,42,42,m
215,city,Portugal,2019-08-19,19,8,MONDAY,6,double,297,30,30,m
216,resort,Netherlands,2019-07-06,6,7,SATURDAY,9,double,526,21,21,?
217,city,Spain,2017-06-18,18,6,SUNDAY,6,double,441,31,31,?
218,city,Portugal,2018-06-28,28,6,THURSDAY,2,double,207,65,65,m
219,resort,Portugal,2017-03-11,11,3,SATURDAY,2,double,105,24,24,?
220,resort,Belgium,2017-07-25,25,7,TUESDAY,3,double,139,41,41,f
221,city,France,2019-06-20,20,6,THURSDAY,4,single,176,30,30,m
222,resort,Portugal,2017-07-28,28,7,FRIDAY,7,single,357,28,28,m
223,city,Belgium,2018-08-20,20,8,MONDAY,7,double,399,31,31,?
224,resort,Spain,2018-09-29,29,9,SATURDAY,14,double,1869,53,53,?
225,city,Italy,2017-07-20,20,7,THURSDAY,1,double,57,25,25,f
226,resort,France,2019-08-30,30,8,FRIDAY,1,single,52,26,26,?
227,resort,Portugal,2017-04-18,18,4,TUESDAY,6,double,279,27,27,f
228,city,Spain,2019-09-02,2,9,MONDAY,3,double,243,36,36,m
229,resort,Portugal,2017-06-29,29,6,THURSDAY,5,double,262,27,27,f
230,city,Italy,2019-08-24,24,8,SATURDAY,5,double,427,49,49,f
231,city,Portugal,2018-03-05,5,3,MONDAY,7,double,367,31,31,m
232,resort,Portugal,2019-07-04,4,7,THURSDAY,1,double,55,35,35,?
233,resort,Spain,2018-04-22,22,4,SUNDAY,6,double,405,34,34,f
234,city,Spain,2019-05-02,2,5,THURSDAY,2,double,96,48,48,m
235,resort,Belgium,2019-08-02,2,8,FRIDAY,9,double,675,35,35,f
236,city,Spain,2018-08-05,5,8,SUNDAY,3,single,129,54,54,?
237,resort,Portugal,2018-05-07,7,5,MONDAY,7,double,388,63,63,f
238,city,France,2018-04-23,23,4,MONDAY,5,double,277,1988,30,?
239,city,Belgium,2017-04-14,14,4,FRIDAY,4,double,294,34,34,f
240,city,Portugal,2017-01-28,28,1,SATURDAY,6,double,513,31,31,?
241,city,France,2019-05-21,21,5,TUESDAY,2,double,144,30,30,?
242,city,Italy,2018-05-31,31,5,THURSDAY,3,single,114,24,24,f
243,city,Spain,2017-07-17,17,7,MONDAY,4,single,136,28,28,m
244,city,Portugal,2019-08-11,11,8,SUNDAY,6,double,378,1991,28,?
245,city,Spain,2018-11-09,9,11,FRIDAY,6,double,729,55,55,m
246,city,Netherlands,2018-07-12,12,7,THURSDAY,3,single,144,47,47,m
247,city,France,2018-02-13,13,2,TUESDAY,4,double,306,43,43,?
248,city,Portugal,2018-01-21,21,1,SUNDAY,1,double,57,39,39,?
249,resort,Spain,2018-03-11,11,3,SUNDAY,3,double,148,55,55,m
250,city,Portugal,2019-08-18,18,8,SUNDAY,4,double,264,31,31,f
251,city,Portugal,2018-03-24,24,3,SATURDAY,1,double,58,33,33,m
252,city,Portugal,2017-02-05,5,2,SUNDAY,4,double,234,27,27,f
253,city,Netherlands,2017-07-14,14,7,FRIDAY,3,double,243,28,28,?
254,city,Portugal,2018-01-24,24,1,WEDNESDAY,7,double,672,36,36,?
255,resort,France,2017-07-24,24,7,MONDAY,3,double,171,34,34,?
256,city,Spain,2019-07-19,19,7,FRIDAY,2,single,100,42,42,m
257,city,Italy,2019-12-29,29,12,SUNDAY,3,double,292,48,48,?
258,city,Italy,2018-01-02,2,1,TUESDAY,6,double,666,55,55,?
259,city,Italy,2018-07-17,17,7,TUESDAY,3,double,175,34,34,m
260,city,France,2017-03-29,29,3,WEDNESDAY,6,single,216,46,46,?
261,city,Belgium,2017-08-06,6,8,SUNDAY,3,double,184,35,35,f
262,city,Spain,2017-08-22,22,8,TUESDAY,4,double,258,35,35,m
263,city,Portugal,2018-04-10,10,4,TUESDAY,6,double,450,20,20,?
264,city,Spain,2019-07-21,21,7,SUNDAY,1,double,51,60,60,f
265,resort,Italy,2018-05-01,1,5,TUESDAY,4,double,276,27,27,m
266,city,Netherlands,2019-05-18,18,5,SATURDAY,6,double,468,30,30,f
267,city,Portugal,2018-08-06,6,8,MONDAY,2,double,126,29,29,f
268,city,Netherlands,2018-12-26,26,12,WEDNESDAY,5,double,690,32,32,?
269,resort,Italy,2017-08-07,7,8,MONDAY,7,double,966,28,28,?
270,resort,Spain,2017-03-13,13,3,MONDAY,3,double,157,26,26,?
271,resort,Italy,2017-08-30,30,8,WEDNESDAY,3,double,202,75,75,?
272,city,Italy,2017-06-18,18,6,SUNDAY,4,double,342,65,65,f
273,city,France,2019-03-07,7,3,THURSDAY,3,double,171,1990,29,?
274,resort,Italy,2018-08-25,25,8,SATURDAY,8,double,552,35,35,f
275,city,Spain,2019-07-06,6,7,SATURDAY,7,double,661,29,29,m
276,city,Spain,2018-05-07,7,5,MONDAY,6,double,396,31,31,f
277,city,Spain,2017-09-10,10,9,SUNDAY,3,double,283,28,28,?
278,city,France,2019-08-06,6,8,TUESDAY,2,double,180,66,66,m
279,city,Italy,2018-08-23,23,8,THURSDAY,3,double,139,65,65,?
280,resort,France,2018-07-12,12,7,THURSDAY,9,double,594,25,25,?
281,city,France,2019-08-20,20,8,TUESDAY,3,double,162,42,42,m
282,city,Italy,2018-01-27,27,1,SATURDAY,2,double,156,34,34,f
283,city,Italy,2018-05-19,19,5,SATURDAY,7,double,514,54,54,?
284,city,Portugal,2017-09-07,7,9,THURSDAY,6,double,450,27,27,m
285,resort,Italy,2017-07-09,9,7,SUNDAY,11,double,940,32,32,f
286,city,Spain,2018-08-26,26,8,SUNDAY,6,double,576,42,42,f
287,resort,France,2019-09-04,4,9,WEDNESDAY,7,double,399,46,46,?
288,city,Netherlands,2018-11-29,29,11,THURSDAY,3,double,274,36,36,m
289,city,Belgium,2018-12-26,26,12,WEDNESDAY,5,double,412,52,52,m
290,resort,Belgium,2019-08-05,5,8,MONDAY,1,double,43,34,34,f
291,city,Belgium,2019-03-03,3,3,SUNDAY,3,double,238,34,34,f
292,resort,Spain,2018-03-20,20,3,TUESDAY,9,double,648,69,69,?
293,city,Netherlands,2019-07-10,10,7,WEDNESDAY,6,double,432,45,45,m
294,city,France,2017-07-05,5,7,WEDNESDAY,7,double,367,22,22,?
295,city,Portugal,2019-08-11,11,8,SUNDAY,3,single,165,44,44,?
296,resort,Belgium,2018-07-28,28,7,SATURDAY,13,double,819,25,25,m
297,city,Italy,2018-08-14,14,8,TUESDAY,3,double,157,35,35,?
298,city,Netherlands,2019-09-06,6,9,FRIDAY,3,double,288,30,30,?
299,resort,France,2019-01-30,30,1,WEDNESDAY,1,double,48,26,26,?
300,city,Portugal,2017-05-24,24,5,WEDNESDAY,2,double,108,51,51,?
301,resort,France,2017-09-03,3,9,SUNDAY,12,double,612,55,55,m
302,city,France,2019-03-22,22,3,FRIDAY,1,double,54,24,24,f
303,city,Portugal,2017-06-10,10,6,SATURDAY,3,double,198,36,36,m
304,city,Belgium,2017-09-10,10,9,SUNDAY,5,double,412,34,34,?
305,resort,Spain,2017-09-13,13,9,WEDNESDAY,9,double,783,34,34,?
306,city,Portugal,2019-03-17,17,3,SUNDAY,4,double,372,50,50,?
307,resort,Italy,2017-04-05,5,4,WEDNESDAY,1,double,57,50,50,?
308,city,Italy,2018-01-22,22,1,MONDAY,6,double,558,37,37,f
309,city,France,2018-06-10,10,6,SUNDAY,3,single,231,26,26,f
310,city,Netherlands,2017-05-15,15,5,MONDAY,2,double,150,1993,24,?
311,city,Spain,2018-07-05,5,7,THURSDAY,3,single,144,43,43,f
312,city,France,2018-08-08,8,8,WEDNESDAY,1,double,66,45,45,m
313,city,Belgium,2019-11-08,8,11,FRIDAY,3,double,144,38,38,f
314,city,Portugal,2019-08-12,12,8,MONDAY,2,double,96,32,32,?
315,city,Portugal,2019-09-13,13,9,FRIDAY,6,double,432,26,26,?
316,city,Portugal,2017-09-19,19,9,TUESDAY,2,double,240,1992,25,?
317,city,Portugal,2017-07-17,17,7,MONDAY,3,double,166,29,29,m
318,city,Italy,2018-11-10,10,11,SATURDAY,3,single,180,24,24,?
319,city,Spain,2017-08-09,9,8,WEDNESDAY,6,double,630,27,27,f
320,resort,Italy,2018-09-03,3,9,MONDAY,10,double,810,37,37,f
321,city,Belgium,2017-08-06,6,8,SUNDAY,4,double,270,40,40,f
322,city,Belgium,2017-04-30,30,4,SUNDAY,3,double,184,27,27,m
323,city,France,2018-07-01,1,7,SUNDAY,4,double,486,1978,40,m
324,city,Portugal,2018-11-06,6,11,TUESDAY,2,double,102,47,47,?
325,city,Belgium,2017-06-11,11,6,SUNDAY,3,double,234,29,29,m
326,city,Portugal,2018-08-16,16,8,THURSDAY,3,double,283,23,23,m
327,resort,Spain,2018-06-20,20,6,WEDNESDAY,12,double,1062,67,67,m
328,city,Spain,2017-09-05,5,9,TUESDAY,2,double,111,34,34,?
329,city,Netherlands,2017-07-27,27,7,THURSDAY,5,double,615,42,42,?
330,city,Spain,2017-08-24,24,8,THURSDAY,3,double,198,39,39,m
331,city,Italy,2019-08-22,22,8,THURSDAY,3,double,220,1971,48,?
332,resort,Spain,2017-02-28,28,2,TUESDAY,10,double,645,38,38,?
333,resort,Belgium,2017-07-15,15,7,SATURDAY,5,double,292,46,46,?
334,city,Spain,2018-08-01,1,8,WEDNESDAY,1,double,81,77,77,?
335,city,France,2019-01-30,30,1,WEDNESDAY,1,double,99,1986,33,m
336,resort,Spain,2018-05-22,22,5,TUESDAY,8,double,420,60,60,f
337,city,Netherlands,2017-08-27,27,8,SUNDAY,3,double,189,34,34,m
338,city,France,2017-09-22,22,9,FRIDAY,3,double,225,38,38,f
339,resort,Portugal,2018-11-30,30,11,FRIDAY,8,double,792,58,58,f
340,resort,Netherlands,2019-03-26,26,3,TUESDAY,8,double,516,43,43,m
341,resort,Italy,2019-11-07,7,11,THURSDAY,1,double,55,33,33,f
342,city,Portugal,2019-03-09,9,3,SATURDAY,4,double,216,35,35,f
343,city,Spain,2018-06-06,6,6,WEDNESDAY,3,double,229,1970,48,?
344,city,France,2017-08-29,29,8,TUESDAY,5,double,285,30,30,m
345,city,Italy,2018-08-09,9,8,THURSDAY,4,double,282,29,29,f
346,city,Spain,2019-04-20,20,4,SATURDAY,3,single,174,1990,29,?
347,city,Spain,2017-07-01,1,7,SATURDAY,2,single,80,24,24,?
348,city,Spain,2017-04-20,20,4,THURSDAY,1,double,76,36,36,?
349,city,Italy,2017-08-19,19,8,SATURDAY,3,double,198,30,30,?
350,city,Spain,2018-06-04,4,6,MONDAY,3,double,175,40,40,?
351,city,Portugal,2019-01-01,1,1,TUESDAY,3,double,274,46,46,f
352,city,France,2017-01-17,17,1,TUESDAY,6,double,414,51,51,m
353,city,Italy,2018-08-11,11,8,SATURDAY,1,double,58,32,32,?
354,city,Belgium,2017-10-15,15,10,SUNDAY,2,double,102,32,32,f
355,city,France,2018-01-04,4,1,THURSDAY,2,double,102,33,33,m
356,resort,Spain,2018-06-17,17,6,SUNDAY,4,double,300,60,60,?
357,city,Italy,2018-07-06,6,7,FRIDAY,3,double,373,33,33,?
358,city,Portugal,2018-05-06,6,5,SUNDAY,5,double,277,36,36,f
359,resort,Portugal,2017-06-05,5,6,MONDAY,12,double,1386,33,33,m
360,city,Netherlands,2017-07-21,21,7,FRIDAY,7,single,350,37,37,m
361,resort,France,2018-07-21,21,7,SATURDAY,13,double,741,26,26,?
362,city,Portugal,2018-04-08,8,4,SUNDAY,3,single,264,1978,40,?
363,city,Italy,2019-12-25,25,12,WEDNESDAY,2,double,126,31,31,m
364,city,Spain,2019-06-19,19,6,WEDNESDAY,3,double,333,25,25,f
365,city,France,2018-08-31,31,8,FRIDAY,3,double,153,25,25,m
366,city,Portugal,2018-08-15,15,8,WEDNESDAY,7,double,525,27,27,m
367,city,Spain,2017-04-02,2,4,SUNDAY,1,double,69,30,30,?
368,city,Spain,2019-01-19,19,1,SATURDAY,2,double,171,27,27,?
369,city,Spain,2018-08-23,23,8,THURSDAY,5,double,405,43,43,f
370,city,France,2018-07-31,31,7,TUESDAY,3,double,148,30,30,?
371,city,France,2019-06-16,16,6,SUNDAY,4,double,234,42,42,m
372,city,Italy,2019-07-01,1,7,MONDAY,6,double,531,40,40,m
373,resort,Portugal,2017-08-16,16,8,WEDNESDAY,3,double,171,24,24,?
374,city,Portugal,2017-08-01,1,8,TUESDAY,4,double,384,22,22,f
375,city,Belgium,2018-12-19,19,12,WEDNESDAY,4,single,292,34,34,?
376,city,Spain,2017-12-27,27,12,WEDNESDAY,4,double,474,32,32,m
377,city,Spain,2018-07-03,3,7,TUESDAY,1,double,51,53,53,m
378,resort,Spain,2017-03-23,23,3,THURSDAY,12,double,1296,28,28,m
379,city,Italy,2018-06-07,7,6,THURSDAY,1,double,120,40,40,?
380,city,Spain,2019-09-23,23,9,MONDAY,4,double,192,54,54,m
381,city,Spain,2019-02-08,8,2,FRIDAY,3,double,157,31,31,?
382,resort,France,2019-07-18,18,7,THURSDAY,11,double,726,66,66,f
383,city,Portugal,2018-10-21,21,10,SUNDAY,7,double,651,40,40,?
384,city,Netherlands,2018-09-02,2,9,SUNDAY,6,double,522,24,24,f
385,resort,Netherlands,2019-11-08,8,11,FRIDAY,5,double,270,53,53,m
386,city,Portugal,2018-07-19,19,7,THURSDAY,7,double,441,43,43,m
387,resort,Portugal,2019-07-04,4,7,THURSDAY,6,double,270,52,52,m
388,resort,Netherlands,2017-08-23,23,8,WEDNESDAY,6,double,270,54,54,f
389,city,Italy,2017-06-18,18,6,SUNDAY,2,double,96,28,28,?
390,city,Portugal,2017-07-31,31,7,MONDAY,4,double,228,35,35,f
391,resort,Belgium,2018-01-17,17,1,WEDNESDAY,3,single,135,28,28,?
392,resort,Netherlands,2018-07-06,6,7,FRIDAY,14,single,476,29,29,f
393,city,France,2019-08-19,19,8,MONDAY,1,double,51,53,53,m
394,city,Spain,2018-09-09,9,9,SUNDAY,5,double,412,28,28,f
395,city,Belgium,2018-11-17,17,11,SATURDAY,1,double,67,40,40,?
396,city,Portugal,2018-04-05,5,4,THURSDAY,4,double,252,40,40,m
397,city,France,2019-01-06,6,1,SUNDAY,2,double,204,41,41,?
398,resort,Italy,2018-05-10,10,5,THURSDAY,5,double,397,53,53,f
399,city,Netherlands,2018-09-23,23,9,SUNDAY,4,single,268,39,39,m
400,city,Spain,2018-08-10,10,8,FRIDAY,3,double,283,35,35,?
401,city,Spain,2017-11-15,15,11,WEDNESDAY,1,double,85,43,43,f
402,resort,Spain,2017-06-02,2,6,FRIDAY,9,double,526,35,35,m
403,city,Spain,2017-07-04,4,7,TUESDAY,4,double,276,33,33,f
404,city,Spain,2018-08-27,27,8,MONDAY,3,double,301,1959,59,m
405,city,Spain,2017-05-15,15,5,MONDAY,5,double,277,29,29,?
406,city,France,2018-07-03,3,7,TUESDAY,1,double,66,41,41,m
407,city,Spain,2019-08-23,23,8,FRIDAY,3,double,148,25,25,?
408,city,Spain,2018-08-31,31,8,FRIDAY,1,double,55,21,21,f
409,resort,Spain,2019-11-19,19,11,TUESDAY,1,double,90,39,39,f
410,resort,Portugal,2017-10-09,9,10,MONDAY,1,double,87,52,52,?
411,city,Netherlands,2018-12-01,1,12,SATURDAY,2,double,111,35,35,?
412,city,Portugal,2019-09-17,17,9,TUESDAY,5,double,405,29,29,f
413,city,Portugal,2018-01-30,30,1,TUESDAY,2,double,156,29,29,?
414,resort,Spain,2018-08-09,9,8,THURSDAY,2,double,90,56,56,?
415,city,Portugal,2019-07-30,30,7,TUESDAY,1,double,58,33,33,?
416,city,Spain,2017-12-28,28,12,THURSDAY,2,double,192,33,33,?
417,city,France,2017-01-17,17,1,TUESDAY,2,double,180,1994,23,m
418,resort,Spain,2019-12-14,14,12,SATURDAY,12,single,348,47,47,?
419,resort,Spain,2018-05-14,14,5,MONDAY,13,double,663,54,54,m
420,city,Portugal,2017-06-25,25,6,SUNDAY,6,double,486,40,40,m
421,city,Portugal,2019-05-08,8,5,WEDNESDAY,4,double,234,32,32,?
422,resort,Belgium,2017-12-16,16,12,SATURDAY,11,double,907,62,62,m
423,city,France,2017-07-25,25,7,TUESDAY,5,double,690,1992,25,x
424,city,Italy,2017-07-02,2,7,SUNDAY,3,double,328,25,25,f
425,city,Portugal,2019-02-26,26,2,TUESDAY,4,double,342,26,26,f
426,city,Portugal,2019-12-19,19,12,THURSDAY,6,double,378,42,42,f
427,city,Italy,2018-04-18,18,4,WEDNESDAY,3,double,202,75,75,m
428,city,France,2019-06-14,14,6,FRIDAY,6,double,315,36,36,f
429,city,Portugal,2018-12-09,9,12,SUNDAY,2,double,99,27,27,?
430,city,Italy,2018-06-05,5,6,TUESDAY,7,double,504,30,30,?
431,city,Belgium,2017-03-31,31,3,FRIDAY,1,double,97,56,56,f
432,city,Italy,2018-05-20,20,5,SUNDAY,5,double,352,37,37,?
433,city,Italy,2017-02-23,23,2,THURSDAY,2,double,120,29,29,f
434,city,Spain,2019-10-05,5,10,SATURDAY,2,single,114,43,43,?
435,city,Spain,2018-05-20,20,5,SUNDAY,4,double,222,31,31,?
436,city,Spain,2018-08-29,29,8,WEDNESDAY,3,double,252,40,40,?
437,city,Italy,2019-09-22,22,9,SUNDAY,2,double,99,20,20,?
438,city,Spain,2018-08-28,28,8,TUESDAY,3,double,202,39,39,m
439,city,Spain,2017-07-27,27,7,THURSDAY,7,double,787,26,26,m
440,city,Portugal,2019-10-04,4,10,FRIDAY,4,double,240,1989,30,?
441,city,France,2017-08-03,3,8,THURSDAY,3,double,180,1969,48,?
442,city,France,2017-07-06,6,7,THURSDAY,7,double,514,22,22,f
443,city,France,2018-02-23,23,2,FRIDAY,3,double,283,28,28,?
444,resort,France,2018-06-18,18,6,MONDAY,5,single,170,41,41,m
445,city,Italy,2019-11-20,20,11,WEDNESDAY,5,double,435,1996,23,m
446,city,Italy,2018-08-18,18,8,SATURDAY,3,double,234,1992,26,m
447,city,Spain,2019-07-12,12,7,FRIDAY,5,double,412,40,40,x
448,city,Italy,2019-06-19,19,6,WEDNESDAY,4,double,348,34,34,m
449,city,Italy,2018-05-07,7,5,MONDAY,4,single,176,24,24,m
450,city,Spain,2017-05-17,17,5,WEDNESDAY,3,single,132,43,43,f
451,city,Italy,2017-07-03,3,7,MONDAY,2,double,204,40,40,?
452,city,Spain,2019-12-18,18,12,WEDNESDAY,4,double,420,32,32,f
453,resort,Italy,2019-08-05,5,8,MONDAY,10,double,525,29,29,f
454,city,Spain,2018-01-23,23,1,TUESDAY,6,single,210,29,29,?
455,resort,Spain,2019-07-24,24,7,WEDNESDAY,11,double,792,61,61,m
456,city,Spain,2019-08-24,24,8,SATURDAY,1,double,100,34,34,m
457,city,Netherlands,2019-09-06,6,9,FRIDAY,5,single,250,68,68,f
458,city,Italy,2019-08-12,12,8,MONDAY,6,double,729,24,24,f
459,city,Portugal,2017-08-02,2,8,WEDNESDAY,4,double,270,26,26,f
460,city,Spain,2019-07-06,6,7,SATURDAY,3,double,256,29,29,m
461,resort,Italy,2017-04-12,12,4,WEDNESDAY,2,double,108,40,40,f
462,resort,Spain,2019-07-12,12,7,FRIDAY,11,double,874,32,32,m
463,city,France,2018-08-28,28,8,TUESDAY,3,double,211,1993,25,f
464,city,Italy,2019-05-06,6,5,MONDAY,5,double,247,32,32,?
465,city,France,2018-08-16,16,8,THURSDAY,3,double,252,69,69,?
466,city,Portugal,2018-09-13,13,9,THURSDAY,1,double,58,41,41,?
467,city,France,2017-03-09,9,3,THURSDAY,2,double,225,37,37,f
468,resort,France,2017-02-27,27,2,MONDAY,4,double,324,68,68,f
469,city,Italy,2019-07-14,14,7,SUNDAY,3,double,265,28,28,?
470,resort,Belgium,2017-10-15,15,10,SUNDAY,9,double,823,61,61,f
471,city,Italy,2019-07-12,12,7,FRIDAY,3,single,129,34,34,f
472,city,Italy,2019-03-09,9,3,SATURDAY,3,double,193,27,27,m
473,city,Portugal,2018-08-23,23,8,THURSDAY,6,single,372,37,37,?
474,resort,Netherlands,2017-06-21,21,6,WEDNESDAY,9,double,418,57,57,?
475,city,Italy,2017-05-02,2,5,TUESDAY,2,double,111,42,42,f
476,city,Portugal,2018-04-03,3,4,TUESDAY,3,double,238,48,48,?
477,resort,Italy,2019-09-08,8,9,SUNDAY,12,double,594,40,40,?
478,city,Spain,2017-08-20,20,8,SUNDAY,6,double,351,46,46,?
479,city,Portugal,2018-06-06,6,6,WEDNESDAY,5,double,412,33,33,f
480,city,Portugal,2018-11-16,16,11,FRIDAY,2,double,180,39,39,?
481,city,Italy,2018-07-23,23,7,MONDAY,3,double,256,1976,42,f
482,city,France,2017-02-16,16,2,THURSDAY,2,double,135,1974,43,m
483,city,Portugal,2019-02-22,22,2,FRIDAY,1,double,64,30,30,f
484,city,Spain,2019-09-02,2,9,MONDAY,4,double,246,41,41,f
485,resort,Italy,2018-09-15,15,9,SATURDAY,14,double,819,75,75,m
486,city,Belgium,2018-08-30,30,8,THURSDAY,3,double,315,55,55,?
487,city,Portugal,2019-07-25,25,7,THURSDAY,3,double,252,35,35,f
488,city,Italy,2019-07-24,24,7,WEDNESDAY,4,double,330,18,18,m
489,resort,Portugal,2017-08-02,2,8,WEDNESDAY,4,double,234,26,26,f
490,city,Belgium,2018-06-07,7,6,THURSDAY,4,double,366,45,45,f
491,city,Spain,2019-07-18,18,7,THURSDAY,7,double,472,31,31,?
492,city,Spain,2019-05-05,5,5,SUNDAY,2,double,246,43,43,?
493,resort,Netherlands,2019-07-29,29,7,MONDAY,6,double,252,49,49,m
494,resort,France,2017-07-07,7,7,FRIDAY,9,double,756,72,72,?
495,city,Italy,2018-06-22,22,6,FRIDAY,6,double,351,1997,21,m
496,city,France,2019-03-19,19,3,TUESDAY,1,double,54,36,36,f
497,city,Netherlands,2019-04-27,27,4,SATURDAY,1,double,72,33,33,m
498,city,Spain,2017-05-12,12,5,FRIDAY,2,double,189,45,45,m
499,city,France,2019-03-24,24,3,SUNDAY,4,double,228,24,24,?
500,resort,Portugal,2018-10-18,18,10,THURSDAY,13,double,1209,30,30,?
501,city,France,2018-01-29,29,1,MONDAY,3,double,256,1995,23,f
502,resort,France,2017-11-08,8,11,WEDNESDAY,3,double,157,45,45,?
503,city,Netherlands,2017-02-23,23,2,THURSDAY,2,single,92,28,28,?
504,city,Spain,2018-04-18,18,4,WEDNESDAY,2,double,129,31,31,?
505,city,Spain,2017-11-13,13,11,MONDAY,3,double,175,33,33,?
506,resort,France,2018-06-15,15,6,FRIDAY,13,double,1482,55,55,?
507,resort,Italy,2019-03-19,19,3,TUESDAY,13,double,819,53,53,m
508,resort,France,2017-07-14,14,7,FRIDAY,4,double,294,44,44,?
509,city,France,2018-07-15,15,7,SUNDAY,7,double,619,46,46,?
510,city,Italy,2019-07-06,6,7,SATURDAY,2,double,105,39,39,f
511,resort,Portugal,2017-08-31,31,8,THURSDAY,9,double,445,52,52,m
512,resort,France,2019-08-07,7,8,WEDNESDAY,11,double,759,52,52,m
513,resort,Portugal,2019-09-15,15,9,SUNDAY,14,double,693,64,64,?
514,city,Italy,2017-06-28,28,6,WEDNESDAY,3,double,373,1983,34,m
515,city,Belgium,2017-07-01,1,7,SATURDAY,2,double,147,26,26,?
516,city,Spain,2018-11-22,22,11,THURSDAY,4,double,330,33,33,?
517,city,Spain,2018-08-01,1,8,WEDNESDAY,7,double,504,43,43,f
518,city,Portugal,2019-08-25,25,8,SUNDAY,2,double,105,1991,28,f
519,resort,France,2019-07-10,10,7,WEDNESDAY,1,double,51,57,57,?
520,city,Italy,2018-07-25,25,7,WEDNESDAY,3,double,207,1994,24,?
521,city,Netherlands,2017-05-06,6,5,SATURDAY,7,double,546,41,41,m
522,city,Italy,2017-06-16,16,6,FRIDAY,5,single,195,56,56,m
523,city,Portugal,2018-07-01,1,7,SUNDAY,3,double,184,37,37,?
524,city,France,2017-11-09,9,11,THURSDAY,4,double,312,1990,27,m
525,city,France,2019-09-24,24,9,TUESDAY,5,double,247,36,36,?
526,city,Belgium,2018-12-30,30,12,SUNDAY,5,double,307,1977,41,f
527,resort,France,2017-09-19,19,9,TUESDAY,6,double,333,53,53,m
528,city,Italy,2018-02-13,13,2,TUESDAY,3,double,148,73,73,m
529,city,Portugal,2017-05-29,29,5,MONDAY,3,double,261,1977,40,f
530,resort,Spain,2017-08-31,31,8,THURSDAY,9,double,945,70,70,?
531,city,Portugal,2017-12-05,5,12,TUESDAY,2,single,84,32,32,m
532,city,Spain,2018-11-16,16,11,FRIDAY,7,double,682,1974,44,?
533,city,Portugal,2017-07-27,27,7,THURSDAY,1,double,84,24,24,?
534,resort,Spain,2019-01-20,20,1,SUNDAY,1,single,43,49,49,m
535,city,France,2017-07-02,2,7,SUNDAY,3,double,373,36,36,f
536,city,Spain,2019-08-21,21,8,WEDNESDAY,4,double,300,31,31,f
537,city,Spain,2018-10-19,19,10,FRIDAY,4,double,534,27,27,m
538,city,Belgium,2018-08-29,29,8,WEDNESDAY,3,double,202,23,23,f
539,city,Spain,2017-08-03,3,8,THURSDAY,2,double,144,25,25,f
540,resort,France,2019-05-17,17,5,FRIDAY,12,double,684,29,29,m
541,resort,Netherlands,2017-08-25,25,8,FRIDAY,1,double,57,47,47,m
542,resort,Spain,2019-07-08,8,7,MONDAY,1,double,49,26,26,m
543,resort,Italy,2019-06-28,28,6,FRIDAY,6,double,450,49,49,f
544,city,Italy,2019-09-21,21,9,SATURDAY,2,single,76,31,31,?
545,city,France,2019-07-01,1,7,MONDAY,4,double,264,29,29,?
546,city,Italy,2018-02-27,27,2,TUESDAY,3,double,162,44,44,m
547,resort,Portugal,2018-07-29,29,7,SUNDAY,6,double,360,74,74,?
548,city,Spain,2018-10-20,20,10,SATURDAY,3,double,153,45,45,?
549,city,Italy,2017-09-16,16,9,SATURDAY,3,double,346,33,33,?
550,city,Belgium,2019-07-09,9,7,TUESDAY,3,double,270,26,26,?
551,city,Netherlands,2017-12-24,24,12,SUNDAY,4,double,336,25,25,m
552,city,Spain,2017-07-07,7,7,FRIDAY,4,double,216,43,43,m
553,city,Belgium,2017-04-20,20,4,THURSDAY,1,double,54,27,27,?
554,city,Spain,2018-12-19,19,12,WEDNESDAY,2,double,96,36,36,m
555,resort,Spain,2017-09-14,14,9,THURSDAY,11,double,561,51,51,m
556,city,Netherlands,2019-08-01,1,8,THURSDAY,1,double,124,70,70,?
557,resort,Portugal,2019-06-22,22,6,SATURDAY,12,double,1062,23,23,?
558,resort,Spain,2017-07-01,1,7,SATURDAY,13,double,955,51,51,f
559,city,Italy,2018-08-18,18,8,SATURDAY,1,double,103,37,37,?
560,city,Spain,2019-11-02,2,11,SATURDAY,5,double,360,66,66,?
561,city,Spain,2019-07-22,22,7,MONDAY,6,single,300,25,25,?
562,resort,Italy,2019-08-11,11,8,SUNDAY,10,single,430,24,24,f
563,city,Spain,2017-09-12,12,9,TUESDAY,3,double,180,56,56,f
564,resort,Italy,2019-04-18,18,4,THURSDAY,8,double,444,37,37,f
565,city,Portugal,2018-01-13,13,1,SATURDAY,7,double,745,27,27,?
566,resort,Spain,2019-07-22,22,7,MONDAY,14,double,756,29,29,m
567,city,Netherlands,2017-06-19,19,6,MONDAY,6,double,459,35,35,m
568,resort,Spain,2019-02-03,3,2,SUNDAY,8,single,280,24,24,f
569,resort,Spain,2018-11-22,22,11,THURSDAY,9,double,837,31,31,?
570,city,Portugal,2017-09-10,10,9,SUNDAY,6,double,441,30,30,?
571,resort,Portugal,2018-10-29,29,10,MONDAY,1,double,51,59,59,?
572,city,Portugal,2019-08-29,29,8,THURSDAY,3,single,159,20,20,?
573,resort,Portugal,2018-09-29,29,9,SATURDAY,8,double,768,35,35,m
574,city,Belgium,2017-08-01,1,8,TUESDAY,7,double,462,38,38,m
575,city,Spain,2017-11-12,12,11,SUNDAY,5,double,292,28,28,m
576,city,Portugal,2018-02-03,3,2,SATURDAY,3,double,441,39,39,m
577,city,Spain,2017-11-21,21,11,TUESDAY,6,double,333,42,42,f
578,resort,Netherlands,2019-02-02,2,2,SATURDAY,3,double,184,27,27,?
579,city,Spain,2019-10-01,1,10,TUESDAY,1,double,60,44,44,?
580,resort,Italy,2018-07-26,26,7,THURSDAY,5,double,585,60,60,f
581,city,Italy,2019-07-04,4,7,THURSDAY,4,double,264,34,34,f
582,city,France,2019-09-26,26,9,THURSDAY,3,double,315,44,44,?
583,city,Portugal,2018-03-17,17,3,SATURDAY,1,double,66,33,33,f
584,city,France,2017-03-26,26,3,SUNDAY,6,double,342,35,35,f
585,city,Spain,2019-06-04,4,6,TUESDAY,3,double,220,31,31,m
586,city,Netherlands,2019-05-06,6,5,MONDAY,3,double,202,28,28,f
587,city,Spain,2017-11-06,6,11,MONDAY,3,double,220,36,36,m
588,city,Italy,2017-09-18,18,9,MONDAY,6,double,423,28,28,f
589,city,Spain,2019-03-09,9,3,SATURDAY,4,double,450,82,82,f
590,city,Portugal,2017-07-19,19,7,WEDNESDAY,4,double,348,1986,31,f
591,city,Italy,2019-07-29,29,7,MONDAY,3,double,225,31,31,m
592,city,Spain,2019-08-06,6,8,TUESDAY,3,double,193,26,26,m
593,city,Portugal,2018-08-24,24,8,FRIDAY,3,double,189,42,42,m
594,city,France,2017-08-17,17,8,THURSDAY,3,double,189,31,31,m
595,city,Belgium,2019-09-30,30,9,MONDAY,3,double,175,32,32,?
596,city,Italy,2017-08-25,25,8,FRIDAY,3,double,274,34,34,?
597,city,Italy,2017-11-17,17,11,FRIDAY,6,double,477,24,24,f
598,city,Spain,2018-06-24,24,6,SUNDAY,7,double,829,44,44,m
599,resort,Spain,2018-08-03,3,8,FRIDAY,2,single,72,27,27,f
600,resort,Netherlands,2018-07-04,4,7,WEDNESDAY,11,double,907,52,52,m
601,city,Spain,2017-01-01,1,1,SUNDAY,6,double,495,31,31,m
602,resort,Italy,2019-08-06,6,8,TUESDAY,7,double,399,43,43,f
603,city,France,2017-02-13,13,2,MONDAY,3,double,180,26,26,m
604,city,Spain,2019-08-15,15,8,THURSDAY,5,double,570,54,54,f
605,city,Italy,2019-07-19,19,7,FRIDAY,3,double,153,33,33,?
606,resort,Italy,2019-09-18,18,9,WEDNESDAY,8,double,672,22,22,?
607,city,Portugal,2017-11-26,26,11,SUNDAY,3,double,184,1961,56,?
608,city,Belgium,2017-07-30,30,7,SUNDAY,7,double,630,24,24,?
609,city,Netherlands,2017-04-10,10,4,MONDAY,3,double,153,33,33,?
610,city,France,2019-02-08,8,2,FRIDAY,2,double,198,55,55,f
611,city,Spain,2017-07-19,19,7,WEDNESDAY,3,double,234,44,44,x
612,city,Italy,2017-07-25,25,7,TUESDAY,4,double,276,31,31,?
613,resort,Spain,2017-08-22,22,8,TUESDAY,10,double,615,38,38,f
614,resort,Portugal,2017-09-26,26,9,TUESDAY,11,double,726,26,26,?
615,city,Spain,2017-08-15,15,8,TUESDAY,2,double,99,29,29,?
616,city,Italy,2018-09-22,22,9,SATURDAY,2,double,264,27,27,f
617,resort,Portugal,2018-07-29,29,7,SUNDAY,3,double,274,32,32,m
618,resort,Spain,2018-12-02,2,12,SUNDAY,14,double,714,50,50,m
619,city,Netherlands,2018-11-16,16,11,FRIDAY,3,single,99,51,51,?
620,city,Spain,2019-08-03,3,8,SATURDAY,7,double,378,35,35,f
621,city,France,2017-03-09,9,3,THURSDAY,4,single,188,32,32,m
622,city,Spain,2018-08-20,20,8,MONDAY,2,double,195,29,29,f
623,city,Spain,2018-04-07,7,4,SATURDAY,4,double,312,25,25,?
624,city,Belgium,2019-07-04,4,7,THURSDAY,4,double,264,30,30,m
625,resort,Italy,2017-08-21,21,8,MONDAY,7,single,238,48,48,f
626,city,Italy,2018-09-24,24,9,MONDAY,3,double,153,26,26,f
627,resort,Portugal,2017-09-18,18,9,MONDAY,4,double,306,57,57,f
628,city,Portugal,2017-08-24,24,8,THURSDAY,5,double,360,26,26,f
629,resort,Spain,2017-12-21,21,12,THURSDAY,11,double,511,20,20,f
630,city,Spain,2017-04-27,27,4,THURSDAY,1,double,69,36,36,?
631,resort,Netherlands,2019-05-27,27,5,MONDAY,14,double,1218,25,25,m
632,resort,Italy,2019-08-15,15,8,THURSDAY,13,single,1001,33,33,m
633,city,Italy,2017-02-01,1,2,WEDNESDAY,2,double,108,29,29,f
634,city,France,2018-12-05,5,12,WEDNESDAY,7,double,577,32,32,?
635,city,Spain,2018-08-22,22,8,WEDNESDAY,3,double,171,1988,30,m
636,city,Italy,2019-08-26,26,8,MONDAY,1,double,72,42,42,m
637,city,Belgium,2019-02-04,4,2,MONDAY,3,double,211,29,29,?
638,city,Portugal,2018-06-03,3,6,SUNDAY,1,single,54,38,38,m
639,city,Portugal,2018-08-29,29,8,WEDNESDAY,4,double,504,48,48,f
640,city,Italy,2017-07-06,6,7,THURSDAY,7,double,682,24,24,?
641,city,Belgium,2017-07-22,22,7,SATURDAY,4,double,264,52,52,m
642,city,Italy,2017-08-19,19,8,SATURDAY,4,double,294,43,43,m
643,city,France,2018-07-16,16,7,MONDAY,3,double,238,44,44,f
644,resort,France,2017-09-16,16,9,SATURDAY,4,double,186,46,46,?
645,city,Spain,2017-06-17,17,6,SATURDAY,2,double,138,25,25,?
646,city,Netherlands,2018-08-02,2,8,THURSDAY,3,double,351,40,40,m
647,city,France,2019-02-27,27,2,WEDNESDAY,6,double,666,23,23,m
648,city,Italy,2017-06-13,13,6,TUESDAY,1,double,58,34,34,?
649,city,Spain,2019-04-25,25,4,THURSDAY,4,double,288,56,56,f
650,city,Netherlands,2017-02-13,13,2,MONDAY,3,double,189,30,30,f
651,city,Italy,2019-03-01,1,3,FRIDAY,4,double,312,69,69,?
652,city,Netherlands,2019-10-07,7,10,MONDAY,6,double,540,25,25,m
653,city,Portugal,2018-07-04,4,7,WEDNESDAY,3,double,148,34,34,m
654,resort,Italy,2017-05-01,1,5,MONDAY,10,double,630,25,25,?
655,city,Belgium,2017-09-30,30,9,SATURDAY,2,double,117,30,30,?
656,city,Italy,2017-07-15,15,7,SATURDAY,3,double,265,22,22,?
657,resort,Spain,2018-07-25,25,7,WEDNESDAY,7,single,224,51,51,m
658,resort,Portugal,2017-07-31,31,7,MONDAY,14,single,630,27,27,f
659,city,Portugal,2019-12-25,25,12,WEDNESDAY,2,double,153,41,41,?
660,city,France,2018-06-04,4,6,MONDAY,1,double,54,40,40,?
661,resort,Belgium,2018-04-09,9,4,MONDAY,12,double,792,47,47,m
662,city,Spain,2017-04-28,28,4,FRIDAY,3,single,129,1989,28,?
663,city,Italy,2018-09-14,14,9,FRIDAY,4,double,354,21,21,m
664,city,Portugal,2017-07-05,5,7,WEDNESDAY,3,double,247,31,31,?
665,city,Spain,2017-09-11,11,9,MONDAY,7,double,462,34,34,f
666,city,France,2017-10-30,30,10,MONDAY,4,double,240,23,23,?
667,city,Belgium,2017-06-15,15,6,THURSDAY,4,double,210,42,42,f
668,city,Italy,2019-07-23,23,7,TUESDAY,4,double,378,62,62,m
669,city,Spain,2017-06-26,26,6,MONDAY,1,double,133,30,30,f
670,city,France,2018-07-16,16,7,MONDAY,6,double,360,35,35,?
671,resort,Italy,2017-10-11,11,10,WEDNESDAY,14,double,1092,58,58,m
672,city,Belgium,2017-08-25,25,8,FRIDAY,7,double,672,65,65,?
673,city,Netherlands,2017-08-19,19,8,SATURDAY,1,double,57,1978,39,f
674,city,Portugal,2019-01-06,6,1,SUNDAY,4,double,348,28,28,?
675,city,Portugal,2019-07-06,6,7,SATURDAY,4,double,306,32,32,?
676,city,Portugal,2018-05-19,19,5,SATURDAY,2,single,132,43,43,m
677,city,France,2017-12-04,4,12,MONDAY,6,single,240,43,43,?
678,resort,Netherlands,2019-04-28,28,4,SUNDAY,10,double,570,55,55,m
679,city,Portugal,2017-09-18,18,9,MONDAY,4,double,294,32,32,m
680,resort,Italy,2019-08-10,10,8,SATURDAY,10,double,495,34,34,?
681,city,Italy,2017-10-20,20,10,FRIDAY,2,double,150,46,46,?
682,city,Netherlands,2017-04-04,4,4,TUESDAY,7,single,287,38,38,m
683,city,Spain,2018-07-11,11,7,WEDNESDAY,2,double,162,1974,44,f
684,city,Netherlands,2017-10-31,31,10,TUESDAY,4,double,282,34,34,f
685,resort,Italy,2018-07-09,9,7,MONDAY,2,double,177,79,79,?
686,resort,France,2017-10-17,17,10,TUESDAY,11,double,528,65,65,?
687,city,France,2019-12-08,8,12,SUNDAY,3,double,144,55,55,?
688,city,Spain,2019-11-15,15,11,FRIDAY,5,double,322,21,21,f
689,resort,Netherlands,2018-10-02,2,10,TUESDAY,6,double,333,67,67,?
690,city,Netherlands,2019-08-27,27,8,TUESDAY,1,double,67,26,26,?
691,resort,Belgium,2017-11-24,24,11,FRIDAY,5,double,292,44,44,?
692,resort,Belgium,2019-07-03,3,7,WEDNESDAY,4,double,288,48,48,m
693,resort,Portugal,2019-06-15,15,6,SATURDAY,10,double,900,57,57,m
694,city,Belgium,2018-02-10,10,2,SATURDAY,7,double,882,33,33,f
695,city,Belgium,2019-04-11,11,4,THURSDAY,2,single,78,46,46,m
696,city,Portugal,2017-06-11,11,6,SUNDAY,2,double,105,31,31,f
697,resort,Spain,2017-08-23,23,8,WEDNESDAY,5,double,427,38,38,f
698,city,France,2017-08-13,13,8,SUNDAY,4,double,234,27,27,?
699,city,Italy,2018-10-18,18,10,THURSDAY,3,double,148,45,45,f
700,resort,Spain,2017-08-09,9,8,WEDNESDAY,2,double,120,54,54,?
701,resort,Portugal,2017-10-01,1,10,SUNDAY,10,double,585,48,48,?
702,city,Portugal,2017-09-21,21,9,THURSDAY,3,double,360,1980,37,f
703,city,France,2019-09-25,25,9,WEDNESDAY,1,single,48,1976,43,m
704,city,Portugal,2019-09-29,29,9,SUNDAY,2,double,93,25,25,m
705,resort,Italy,2019-07-23,23,7,TUESDAY,1,double,96,69,69,?
706,city,France,2018-07-02,2,7,MONDAY,5,single,430,41,41,?
707,city,France,2018-07-20,20,7,FRIDAY,7,double,504,24,24,f
708,resort,Italy,2018-03-17,17,3,SATURDAY,2,single,110,44,44,m
709,city,Netherlands,2018-07-06,6,7,FRIDAY,2,double,111,28,28,?
710,city,Spain,2017-07-13,13,7,THURSDAY,5,double,427,35,35,f
711,resort,Italy,2017-09-19,19,9,TUESDAY,1,double,48,35,35,?
712,city,France,2017-08-02,2,8,WEDNESDAY,1,double,78,1978,39,m
713,city,Spain,2019-08-15,15,8,THURSDAY,1,double,79,28,28,m
714,resort,Spain,2019-02-12,12,2,TUESDAY,1,double,96,47,47,f
715,city,France,2017-07-09,9,7,SUNDAY,3,double,328,26,26,?
716,city,France,2018-06-14,14,6,THURSDAY,2,double,150,39,39,?
717,resort,Belgium,2017-12-17,17,12,SUNDAY,6,double,549,34,34,m
718,resort,Portugal,2017-01-28,28,1,SATURDAY,10,single,570,43,43,?
719,city,France,2019-05-14,14,5,TUESDAY,2,double,198,32,32,?
720,city,Spain,2018-06-23,23,6,SATURDAY,4,double,318,32,32,f
721,city,Portugal,2018-02-21,21,2,WEDNESDAY,6,single,306,1983,35,f
722,city,Italy,2017-07-31,31,7,MONDAY,5,double,262,29,29,?
723,resort,Spain,2018-07-19,19,7,THURSDAY,5,double,285,32,32,m
724,city,Netherlands,2017-09-20,20,9,WEDNESDAY,3,double,238,56,56,?
725,city,Spain,2018-07-28,28,7,SATURDAY,6,double,333,40,40,f
726,city,France,2017-08-31,31,8,THURSDAY,6,double,540,40,40,?
727,city,Portugal,2017-10-18,18,10,WEDNESDAY,3,double,346,47,47,m
728,resort,France,2018-06-09,9,6,SATURDAY,6,double,414,40,40,f
729,city,Portugal,2018-09-25,25,9,TUESDAY,3,double,360,33,33,m
730,resort,France,2019-07-28,28,7,SUNDAY,13,double,702,34,34,m
731,city,Netherlands,2017-09-26,26,9,TUESDAY,1,double,61,36,36,m
732,city,Italy,2017-12-21,21,12,THURSDAY,2,double,192,28,28,f
733,city,Spain,2018-11-21,21,11,WEDNESDAY,1,single,74,40,40,f
734,city,Netherlands,2019-12-22,22,12,SUNDAY,3,double,243,72,72,?
735,city,Italy,2017-08-22,22,8,TUESDAY,4,double,186,64,64,?
736,resort,Spain,2017-08-18,18,8,FRIDAY,3,double,184,34,34,f
737,city,Portugal,2019-07-18,18,7,THURSDAY,4,double,318,49,49,?
738,city,France,2019-07-08,8,7,MONDAY,6,double,585,24,24,?
739,city,Netherlands,2017-12-24,24,12,SUNDAY,4,double,234,42,42,f
740,city,Netherlands,2017-01-28,28,1,SATURDAY,6,double,351,48,48,?
741,city,Spain,2018-06-13,13,6,WEDNESDAY,2,double,132,47,47,f
742,city,Belgium,2018-08-13,13,8,MONDAY,2,single,130,59,59,?
743,city,Italy,2019-06-11,11,6,TUESDAY,7,double,640,29,29,?
744,resort,Portugal,2018-12-21,21,12,FRIDAY,1,double,49,37,37,f
745,city,Italy,2019-01-11,11,1,FRIDAY,3,double,166,30,30,f
746,city,France,2019-07-10,10,7,WEDNESDAY,2,double,183,2001,18,m
747,city,Belgium,2019-06-24,24,6,MONDAY,7,double,399,33,33,?
748,resort,France,2018-07-12,12,7,THURSDAY,7,double,325,55,55,?
749,city,Spain,2017-06-21,21,6,WEDNESDAY,7,double,399,28,28,?
750,city,Belgium,2019-07-15,15,7,MONDAY,4,double,330,38,38,f
751,city,Spain,2018-09-17,17,9,MONDAY,3,double,319,53,53,m
752,city,Portugal,2017-03-02,2,3,THURSDAY,4,double,318,33,33,?
753,city,Portugal,2019-07-04,4,7,THURSDAY,1,double,91,53,53,f
754,city,Italy,2018-04-20,20,4,FRIDAY,2,double,207,21,21,m
755,city,Portugal,2017-11-26,26,11,SUNDAY,3,double,175,39,39,f
756,city,Portugal,2018-07-31,31,7,TUESDAY,6,double,360,35,35,f
757,city,France,2019-01-09,9,1,WEDNESDAY,3,double,346,37,37,?
758,city,Portugal,2019-09-08,8,9,SUNDAY,1,single,42,1993,26,?
759,resort,Belgium,2017-02-17,17,2,FRIDAY,5,double,427,55,55,m
760,city,Spain,2017-11-09,9,11,THURSDAY,3,double,211,31,31,f
761,city,Spain,2017-03-16,16,3,THURSDAY,2,double,165,1989,28,f
762,city,Netherlands,2019-07-29,29,7,MONDAY,1,double,58,33,33,m
763,city,Italy,2019-03-09,9,3,SATURDAY,3,double,157,21,21,m
764,city,Spain,2017-09-19,19,9,TUESDAY,3,double,243,37,37,?
765,city,Italy,2019-06-19,19,6,WEDNESDAY,5,double,315,42,42,m
766,resort,Italy,2018-10-31,31,10,WEDNESDAY,5,double,300,23,23,m
767,city,Spain,2018-12-20,20,12,THURSDAY,1,double,69,24,24,f
768,resort,Portugal,2019-06-02,2,6,SUNDAY,3,double,216,58,58,?
769,city,Italy,2017-07-22,22,7,SATURDAY,3,single,108,23,23,m
770,city,Italy,2018-09-16,16,9,SUNDAY,3,double,171,1986,32,f
771,city,Belgium,2018-08-01,1,8,WEDNESDAY,4,double,348,21,21,f
772,city,Italy,2018-01-14,14,1,SUNDAY,6,double,837,41,41,?
773,city,Spain,2019-04-28,28,4,SUNDAY,2,double,153,1991,28,m
774,resort,Spain,2018-06-17,17,6,SUNDAY,9,double,499,30,30,f
775,resort,Portugal,2018-07-10,10,7,TUESDAY,10,double,915,56,56,?
776,city,Spain,2017-08-13,13,8,SUNDAY,6,double,477,21,21,?
777,city,Netherlands,2019-05-13,13,5,MONDAY,4,double,312,28,28,f
778,resort,Spain,2017-01-20,20,1,FRIDAY,7,double,420,57,57,?
779,resort,Portugal,2018-07-23,23,7,MONDAY,8,double,420,24,24,?
780,city,Italy,2018-08-10,10,8,FRIDAY,1,double,70,52,52,f
781,city,Portugal,2017-09-16,16,9,SATURDAY,5,double,255,37,37,?
782,city,France,2017-07-25,25,7,TUESDAY,3,double,328,31,31,m
783,resort,Italy,2018-01-27,27,1,SATURDAY,8,double,504,49,49,?
784,city,Netherlands,2017-06-22,22,6,THURSDAY,5,double,360,31,31,m
785,city,Belgium,2019-04-10,10,4,WEDNESDAY,3,double,184,26,26,f
786,city,Italy,2018-08-30,30,8,THURSDAY,4,double,414,28,28,f
787,city,Portugal,2017-03-18,18,3,SATURDAY,2,double,168,33,33,m
788,resort,Italy,2019-10-08,8,10,TUESDAY,7,double,598,50,50,?
789,city,Italy,2019-06-21,21,6,FRIDAY,2,double,267,27,27,f
790,city,Portugal,2019-11-15,15,11,FRIDAY,3,double,184,1981,38,?
791,city,Spain,2018-11-18,18,11,SUNDAY,3,single,156,22,22,f
792,city,Italy,2019-09-23,23,9,MONDAY,5,double,330,44,44,f
793,city,Portugal,2019-07-10,10,7,WEDNESDAY,4,double,240,49,49,?
794,resort,Portugal,2017-11-16,16,11,THURSDAY,7,double,619,42,42,?
795,city,Spain,2019-06-05,5,6,WEDNESDAY,6,double,414,41,41,?
796,city,France,2017-07-03,3,7,MONDAY,3,double,229,1993,24,f
797,city,Spain,2018-07-27,27,7,FRIDAY,7,double,640,44,44,?
798,city,France,2019-08-28,28,8,WEDNESDAY,2,double,141,32,32,m
799,city,Spain,2018-08-04,4,8,SATURDAY,2,double,150,38,38,f
800,city,Spain,2019-09-28,28,9,SATURDAY,4,double,330,52,52,?
801,city,Italy,2018-03-30,30,3,FRIDAY,3,double,148,38,38,?
802,city,Netherlands,2018-08-04,4,8,SATURDAY,2,double,177,21,21,?
803,city,Portugal,2018-08-25,25,8,SATURDAY,6,single,234,27,27,m
804,city,Belgium,2019-10-20,20,10,SUNDAY,1,double,78,1979,40,m
805,city,Spain,2019-03-17,17,3,SUNDAY,7,double,472,1990,29,?
806,city,Italy,2018-09-11,11,9,TUESDAY,6,single,228,29,29,m
807,city,France,2017-05-01,1,5,MONDAY,6,single,270,23,23,?
808,resort,Portugal,2017-08-19,19,8,SATURDAY,1,double,84,57,57,m
809,city,Spain,2017-07-04,4,7,TUESDAY,4,double,300,23,23,f
810,city,Spain,2018-07-29,29,7,SUNDAY,2,double,216,36,36,?
811,resort,Portugal,2019-12-15,15,12,SUNDAY,8,double,648,35,35,?
812,resort,France,2019-07-26,26,7,FRIDAY,14,double,966,45,45,f
813,city,Netherlands,2018-07-19,19,7,THURSDAY,5,double,352,37,37,?
814,resort,Italy,2018-07-31,31,7,TUESDAY,6,double,324,30,30,f
815,resort,Portugal,2017-03-17,17,3,FRIDAY,12,double,954,54,54,m
816,city,Portugal,2019-07-25,25,7,THURSDAY,1,single,45,31,31,f
817,city,Spain,2018-03-30,30,3,FRIDAY,4,double,204,54,54,?
818,city,Italy,2017-02-20,20,2,MONDAY,3,double,247,42,42,f
819,resort,Italy,2019-09-07,7,9,SATURDAY,13,double,1209,21,21,f
820,city,Italy,2018-06-23,23,6,SATURDAY,5,double,247,24,24,m
821,city,Spain,2019-01-15,15,1,TUESDAY,1,double,121,22,22,f
822,city,Italy,2018-08-11,11,8,SATURDAY,3,double,189,38,38,?
823,resort,France,2019-07-04,4,7,THURSDAY,11,double,594,35,35,?
824,city,Italy,2019-10-24,24,10,THURSDAY,3,double,153,38,38,?
825,city,Netherlands,2018-10-09,9,10,TUESDAY,2,double,114,26,26,m
826,city,Portugal,2017-07-01,1,7,SATURDAY,3,double,211,29,29,m
827,resort,Belgium,2018-09-05,5,9,WEDNESDAY,9,double,432,67,67,f
828,city,Spain,2017-02-28,28,2,TUESDAY,7,double,451,53,53,f
829,city,Portugal,2018-01-22,22,1,MONDAY,3,double,184,32,32,?
830,city,Spain,2017-05-16,16,5,TUESDAY,3,double,229,29,29,f
831,resort,Belgium,2017-10-05,5,10,THURSDAY,11,double,759,40,40,m
832,city,France,2019-08-23,23,8,FRIDAY,3,double,148,23,23,f
833,resort,Italy,2017-08-14,14,8,MONDAY,12,double,1044,25,25,?
834,city,Portugal,2019-07-01,1,7,MONDAY,1,double,60,23,23,?
835,city,Spain,2018-04-26,26,4,THURSDAY,3,double,238,38,38,?
836,city,France,2018-03-07,7,3,WEDNESDAY,5,double,322,38,38,m
837,city,Netherlands,2019-07-29,29,7,MONDAY,4,double,342,29,29,m
838,city,France,2018-05-26,26,5,SATURDAY,1,double,78,31,31,f
839,city,Spain,2019-11-29,29,11,FRIDAY,4,double,270,1994,25,?
840,resort,Portugal,2017-08-08,8,8,TUESDAY,10,double,1050,28,28,?
841,city,Portugal,2019-08-14,14,8,WEDNESDAY,2,double,108,29,29,f
842,city,Portugal,2017-09-19,19,9,TUESDAY,7,double,420,40,40,f
843,city,Spain,2018-08-18,18,8,SATURDAY,5,double,510,67,67,f
844,city,France,2017-07-03,3,7,MONDAY,2,double,261,28,28,?
845,city,France,2017-03-27,27,3,MONDAY,3,double,243,26,26,f
846,city,France,2018-03-14,14,3,WEDNESDAY,3,double,216,37,37,?
847,resort,Spain,2017-07-30,30,7,SUNDAY,10,double,585,36,36,f
848,city,Netherlands,2018-07-19,19,7,THURSDAY,2,double,108,37,37,?
849,city,Portugal,2017-08-28,28,8,MONDAY,5,double,547,27,27,m
850,city,Spain,2017-03-13,13,3,MONDAY,6,double,558,74,74,f
851,resort,Italy,2019-04-05,5,4,FRIDAY,13,double,1228,46,46,?
852,resort,France,2018-01-01,1,1,MONDAY,9,double,1174,29,29,f
853,resort,France,2017-07-27,27,7,THURSDAY,12,double,774,49,49,?
854,resort,Portugal,2019-09-29,29,9,SUNDAY,1,double,81,43,43,m
855,city,Belgium,2018-07-19,19,7,THURSDAY,1,double,87,32,32,m
856,city,Portugal,2018-08-22,22,8,WEDNESDAY,2,double,135,52,52,f
857,city,Italy,2019-10-23,23,10,WEDNESDAY,3,double,198,30,30,?
858,city,Netherlands,2017-07-02,2,7,SUNDAY,7,double,472,1983,34,f
859,resort,France,2017-07-31,31,7,MONDAY,9,double,850,23,23,m
860,city,Spain,2019-03-21,21,3,THURSDAY,3,double,292,1975,44,f
861,resort,France,2018-08-21,21,8,TUESDAY,8,double,348,25,25,m
862,city,Netherlands,2018-05-31,31,5,THURSDAY,2,double,111,22,22,?
863,city,Belgium,2017-06-28,28,6,WEDNESDAY,2,double,99,22,22,m
864,city,Italy,2018-09-01,1,9,SATURDAY,7,double,441,29,29,f
865,city,Belgium,2018-06-24,24,6,SUNDAY,6,double,441,43,43,m
866,city,Spain,2019-01-09,9,1,WEDNESDAY,4,double,210,24,24,?
867,city,Portugal,2017-11-01,1,11,WEDNESDAY,3,double,184,27,27,m
868,city,Belgium,2018-05-07,7,5,MONDAY,5,double,442,50,50,m
869,city,Spain,2017-11-15,15,11,WEDNESDAY,3,double,292,38,38,f
870,resort,Portugal,2017-08-09,9,8,WEDNESDAY,11,single,605,45,45,?
871,city,Belgium,2018-07-28,28,7,SATURDAY,4,double,336,1982,36,m
872,resort,Portugal,2019-07-22,22,7,MONDAY,13,double,819,29,29,f
873,city,Spain,2017-03-05,5,3,SUNDAY,5,double,585,43,43,f
874,city,Italy,2018-07-17,17,7,TUESDAY,4,double,312,37,37,m
875,resort,France,2019-06-03,3,6,MONDAY,5,double,232,45,45,?
876,city,Portugal,2018-11-02,2,11,FRIDAY,2,double,231,27,27,?
877,city,Netherlands,2019-12-19,19,12,THURSDAY,7,double,567,41,41,?
878,city,Netherlands,2017-04-15,15,4,SATURDAY,6,double,450,25,25,f
879,resort,Spain,2017-07-22,22,7,SATURDAY,1,double,52,57,57,?
880,city,Spain,2017-12-06,6,12,WEDNESDAY,3,double,216,50,50,f
881,resort,Portugal,2017-01-12,12,1,THURSDAY,1,double,73,43,43,f
882,resort,Italy,2018-08-02,2,8,THURSDAY,12,double,774,25,25,f
883,resort,Spain,2018-11-14,14,11,WEDNESDAY,8,double,468,23,23,m
884,city,Spain,2018-06-03,3,6,SUNDAY,4,double,300,39,39,?
885,resort,Netherlands,2018-06-02,2,6,SATURDAY,6,double,414,40,40,m
886,city,France,2019-08-13,13,8,TUESDAY,5,double,352,38,38,m
887,city,Italy,2018-09-26,26,9,WEDNESDAY,3,single,195,30,30,m
888,city,France,2017-09-12,12,9,TUESDAY,5,double,270,27,27,?
889,city,Spain,2017-12-06,6,12,WEDNESDAY,5,double,315,37,37,?
890,city,Spain,2017-08-09,9,8,WEDNESDAY,3,double,166,39,39,f
891,city,France,2017-09-14,14,9,THURSDAY,2,double,141,35,35,m
892,city,France,2019-01-07,7,1,MONDAY,4,double,516,40,40,?
893,resort,Belgium,2018-11-09,9,11,FRIDAY,1,double,100,25,25,m
894,city,Italy,2017-09-11,11,9,MONDAY,4,single,192,1967,50,?
895,city,Italy,2018-08-11,11,8,SATURDAY,3,double,225,62,62,?
896,city,Portugal,2019-08-06,6,8,TUESDAY,1,double,103,36,36,?
897,resort,Belgium,2017-09-17,17,9,SUNDAY,8,double,420,56,56,?
898,resort,Belgium,2017-02-15,15,2,WEDNESDAY,13,double,819,75,75,f
899,city,Italy,2017-09-24,24,9,SUNDAY,5,double,480,1988,29,m
900,city,Portugal,2019-09-22,22,9,SUNDAY,3,double,162,52,52,f
901,city,Spain,2017-02-07,7,2,TUESDAY,3,double,171,36,36,m
902,city,France,2017-07-03,3,7,MONDAY,6,double,594,30,30,?
903,city,France,2017-07-27,27,7,THURSDAY,2,double,177,24,24,?
904,city,Portugal,2019-03-14,14,3,THURSDAY,3,single,132,1980,39,?
905,resort,Italy,2019-11-22,22,11,FRIDAY,3,double,202,60,60,m
906,city,Belgium,2018-09-05,5,9,WEDNESDAY,4,double,288,33,33,m
907,resort,Belgium,2017-06-06,6,6,TUESDAY,12,double,936,47,47,f
908,city,Spain,2018-07-05,5,7,THURSDAY,3,double,324,41,41,f
909,resort,Belgium,2019-07-01,1,7,MONDAY,3,double,144,48,48,m
910,city,Italy,2017-07-30,30,7,SUNDAY,3,double,256,36,36,f
911,resort,Spain,2017-10-24,24,10,TUESDAY,1,double,64,55,55,f
912,city,Portugal,2019-01-02,2,1,WEDNESDAY,3,double,202,43,43,?
913,city,France,2017-12-03,3,12,SUNDAY,3,double,193,64,64,f
914,city,Belgium,2019-04-24,24,4,WEDNESDAY,5,double,592,44,44,?
915,city,Spain,2019-07-07,7,7,SUNDAY,6,double,432,42,42,m
916,resort,Italy,2019-07-23,23,7,TUESDAY,7,double,472,21,21,?
917,city,France,2018-08-17,17,8,FRIDAY,5,double,285,32,32,?
918,city,Portugal,2018-03-25,25,3,SUNDAY,6,double,369,30,30,m
919,city,France,2018-10-04,4,10,THURSDAY,1,double,60,25,25,m
920,city,Spain,2017-08-02,2,8,WEDNESDAY,7,double,409,1971,46,?
921,resort,Spain,2017-08-10,10,8,THURSDAY,12,double,558,45,45,f
922,city,Spain,2019-07-17,17,7,WEDNESDAY,3,single,183,49,49,?
923,city,Italy,2019-07-17,17,7,WEDNESDAY,2,double,105,27,27,f
924,city,Portugal,2018-05-15,15,5,TUESDAY,7,double,420,22,22,?
925,city,Spain,2018-07-09,9,7,MONDAY,6,double,360,71,71,m
926,city,Belgium,2018-06-13,13,6,WEDNESDAY,7,double,367,29,29,m
927,city,Spain,2018-07-02,2,7,MONDAY,3,double,427,24,24,?
928,city,Italy,2017-08-21,21,8,MONDAY,5,double,525,32,32,f
929,resort,Portugal,2017-08-17,17,8,THURSDAY,14,double,1386,54,54,?
930,resort,Italy,2019-07-24,24,7,WEDNESDAY,7,double,619,55,55,f
931,resort,France,2019-01-01,1,1,TUESDAY,8,double,852,30,30,?
932,city,France,2019-11-17,17,11,SUNDAY,3,double,184,28,28,f
933,city,Portugal,2017-07-21,21,7,FRIDAY,3,double,238,49,49,m
934,city,Spain,2019-09-06,6,9,FRIDAY,7,double,367,27,27,?
935,city,Belgium,2019-06-16,16,6,SUNDAY,5,double,262,37,37,?
936,city,Netherlands,2018-08-06,6,8,MONDAY,4,single,156,43,43,m
937,city,Belgium,2018-12-07,7,12,FRIDAY,3,double,234,54,54,f
938,city,Spain,2019-07-26,26,7,FRIDAY,2,double,105,37,37,f
939,resort,France,2018-08-06,6,8,MONDAY,3,single,120,35,35,f
940,city,Italy,2018-11-26,26,11,MONDAY,2,double,144,32,32,f
941,resort,Italy,2019-11-19,19,11,TUESDAY,12,double,864,51,51,m
942,city,Italy,2019-04-09,9,4,TUESDAY,3,double,162,33,33,m
943,city,Italy,2017-05-24,24,5,WEDNESDAY,4,double,540,77,77,m
944,city,France,2019-04-02,2,4,TUESDAY,2,double,210,24,24,m
945,city,Italy,2019-11-14,14,11,THURSDAY,2,single,134,1990,29,?
946,city,Italy,2018-04-16,16,4,MONDAY,1,double,127,28,28,m
947,resort,Spain,2017-03-21,21,3,TUESDAY,2,double,135,55,55,f
948,city,Belgium,2019-04-22,22,4,MONDAY,6,double,468,31,31,?
949,resort,France,2017-11-17,17,11,FRIDAY,10,double,480,27,27,m
950,city,Netherlands,2019-09-01,1,9,SUNDAY,2,double,165,43,43,m
951,resort,France,2017-07-31,31,7,MONDAY,6,double,567,26,26,?
952,city,Italy,2018-03-21,21,3,WEDNESDAY,2,double,105,46,46,?
953,resort,Netherlands,2017-02-13,13,2,MONDAY,5,single,320,32,32,f
954,city,France,2018-06-22,22,6,FRIDAY,3,double,328,32,32,m
955,city,Portugal,2017-08-04,4,8,FRIDAY,4,double,246,28,28,?
956,city,Spain,2018-09-13,13,9,THURSDAY,4,double,312,41,41,m
957,city,Italy,2019-05-26,26,5,SUNDAY,7,double,630,41,41,m
958,city,France,2017-09-27,27,9,WEDNESDAY,4,double,192,71,71,?
959,city,Belgium,2017-07-09,9,7,SUNDAY,4,double,288,1973,44,f
960,city,Portugal,2017-07-03,3,7,MONDAY,5,double,277,1987,30,f
961,city,Netherlands,2017-09-04,4,9,MONDAY,4,double,252,44,44,m
962,city,Italy,2019-07-22,22,7,MONDAY,5,double,300,29,29,f
963,city,France,2018-06-16,16,6,SATURDAY,4,double,402,43,43,f
964,city,Belgium,2017-08-05,5,8,SATURDAY,6,double,432,30,30,?
965,city,Netherlands,2017-10-01,1,10,SUNDAY,7,double,567,27,27,m
966,resort,Portugal,2018-01-31,31,1,WEDNESDAY,4,double,186,23,23,f
967,resort,Portugal,2017-08-10,10,8,THURSDAY,14,double,609,56,56,?
968,city,Belgium,2018-08-11,11,8,SATURDAY,4,double,372,36,36,?
969,resort,Belgium,2018-08-25,25,8,SATURDAY,12,single,492,38,38,?
970,city,Portugal,2019-06-28,28,6,FRIDAY,3,double,355,33,33,m
971,city,Italy,2019-02-22,22,2,FRIDAY,3,single,114,40,40,f
972,city,France,2017-08-29,29,8,TUESDAY,4,double,342,27,27,?
973,resort,Spain,2017-07-20,20,7,THURSDAY,13,double,702,51,51,f
974,city,Portugal,2019-08-25,25,8,SUNDAY,4,double,228,62,62,?
975,city,Spain,2019-07-21,21,7,SUNDAY,1,double,70,29,29,?
976,city,Italy,2017-01-14,14,1,SATURDAY,5,double,675,29,29,f
977,city,France,2017-02-12,12,2,SUNDAY,2,double,165,39,39,m
978,city,Spain,2018-07-19,19,7,THURSDAY,1,double,81,27,27,?
979,city,Netherlands,2019-07-26,26,7,FRIDAY,2,single,116,32,32,?
980,resort,Italy,2019-09-08,8,9,SUNDAY,10,double,585,28,28,m
981,city,France,2017-08-06,6,8,SUNDAY,4,double,282,25,25,?
982,city,Portugal,2019-07-13,13,7,SATURDAY,3,double,220,1989,30,?
983,city,Italy,2018-06-01,1,6,FRIDAY,6,single,318,42,42,f
984,resort,Netherlands,2018-12-05,5,12,WEDNESDAY,12,double,648,42,42,?
985,city,France,2017-11-29,29,11,WEDNESDAY,2,double,108,28,28,f
986,resort,Spain,2017-07-05,5,7,WEDNESDAY,14,double,861,30,30,m
987,city,Spain,2019-03-16,16,3,SATURDAY,6,double,477,37,37,?
988,resort,Portugal,2017-11-15,15,11,WEDNESDAY,8,double,480,48,48,?
989,city,Netherlands,2017-02-24,24,2,FRIDAY,4,double,336,28,28,?
990,resort,France,2019-11-01,1,11,FRIDAY,6,double,387,34,34,m
991,city,France,2018-06-12,12,6,TUESDAY,2,double,99,25,25,f
992,city,Spain,2017-06-16,16,6,FRIDAY,5,double,457,36,36,?
993,city,Belgium,2019-07-15,15,7,MONDAY,5,double,390,27,27,m
994,city,Spain,2019-07-31,31,7,WEDNESDAY,2,double,168,29,29,m
995,city,Spain,2017-11-03,3,11,FRIDAY,3,double,283,31,31,m
996,city,Belgium,2019-01-30,30,1,WEDNESDAY,4,double,204,24,24,m
997,resort,Spain,2017-07-03,3,7,MONDAY,6,double,486,25,25,?
998,resort,Spain,2018-04-09,9,4,MONDAY,5,double,405,48,48,?
999,city,Netherlands,2017-08-18,18,8,FRIDAY,3,double,193,32,32,m
